{
    "offset": 0.0,
    "harmonics": {
        "18": {
            "amplitude": 0.0007595145500462946,
            "phase": -3.0530794430307995,
            "a": -0.0007565412500638857,
            "b": -6.713932293223123e-05
        },
        "36": {
            "amplitude": 0.054773973813694796,
            "phase": -1.9522647990274566,
            "a": -0.020391462412736358,
            "b": -0.05083676295765972
        },
        "54": {
            "amplitude": 0.0012487551881637947,
            "phase": -2.802534650257606,
            "a": -0.0011776615459685633,
            "b": -0.00041533456768360575
        },
        "72": {
            "amplitude": 0.02524853153486922,
            "phase": -1.9931690095777175,
            "a": -0.01035002382336935,
            "b": -0.02302966242746455
        },
        "20": {
            "amplitude": 0.004264427679732895,
            "phase": 1.7910904778939452,
            "a": -0.0009318485571095453,
            "b": 0.0041613701712639
        },
        "40": {
            "amplitude": 0.011126249455129767,
            "phase": -0.5458022741506792,
            "a": 0.009509728935070577,
            "b": -0.005775680264631766
        },
        "60": {
            "amplitude": 0.005932232351756703,
            "phase": -2.4842381946701897,
            "a": -0.004696023296294695,
            "b": -0.0036247408012003244
        },
        "80": {
            "amplitude": 0.011183286531439853,
            "phase": -2.082880667715596,
            "a": -0.005479757640112099,
            "b": -0.00974875139953405
        }
    }
}